azonosito;nev;tipus;kep;fo;kölcsönzesi_ar;leiras;kep_neve
1;Hófehérke;krokodil kajak;Krokodil-kajak-2-1024x576-1.jpg;1;3700;"Ez a kajak egy végtelenül stabil, szinte fölboríthatatlan eszköz.
Elsősorban a Balaton-parti kölcsönzők közkedvelt kajakja. Formája miatt a gyerekek kedvence, de felnőttek is örömmel használják.
Rövidebb partközeli túrákra alkalmas. Könnyen irányítható, fordulékony.
A teljesen zárt kiképzésnek köszönhetően akkor sem folyik bele víz, ha a hátára fordítják.";
2;Szende;túrakajak;turakajak-tk-01.jpg;1;3900;"A kajakok a magányosan, vagy párosan evezők eszközei. Nagyobb sebességgel lehet velük haladni, mint a túrakenukkal, de ennek az az ára, hogy evezés közben kötöttebben ül a kajakozó mint a kenus.
Elsősorban folyókra és tavakra alkalmas vízitúra eszköz.
Nagy beülőnyílása, jó ülése hosszú távú evezés esetén is kényelmes utazást biztosít.
A lábaknak többfokozatú merev lábtámasz van kiképezve. A kajakban hátul van a légkamra, mely vízmentes deklikarikával van ellátva és ide pakolható némi útipoggyász, de emellett és elől is hatalmas hely van a túrázáshoz szükséges holmik részére.
A stabilitásuk kezdők számára is kielégítő. Nincs benne kormányszerkezet, de a hajó egyenes futását a héj végén kiképzett szkeg segíti elő.
A kajak anyaga üvegszálas poliészter, tetszőleges színekben rendelhető.";
3;Szundi;túrakajak;turakajak-2-szemelyes-01.jpg;2;7400;"A kajakok a magányos, vagy párosan evezők eszközei. Nagyobb sebességgel lehet velük haladni, mint a túrakenukkal, ennek viszont meg van az az ára, hogy evezés közben a kajakozó kötöttebben ül kenus társainál.
Elsősorban folyókra és tavakra alkalmas vízitúra eszköz. Nagy beülőnyílása, jó ülése hosszú távú evezés esetén is kényelmes utazást biztosít.
A TK-02 kajak egy nagyon jó, stabil és a méreteihez képest igen gyors kajak. A kajakos még föl is állhat a kajakban, nem borul föl. Mindezt persze a vízen, nemcsak a parton.
Ez a kajak kormányszerkezettel készül.
A hátul ülő kormányoz, az első utas számára fix lábtámasz van kiképezve. A kormány nagy segítséget jelent a pontos iránytartásban még akkor is, ha a két kajakos nincs teljesen összeszokva.
Ebben a kajakban elől és hátul is légkamrát helyeztünk el, ami megakadályozza a kajak elsüllyedését borulás esetén.
A hátsó légkamra felül vízmentes nyílással van ellátva, így a szárazon tartandó tárgyainkat – telefon, iratok, slusszkulcs stb. – be lehet ide pakolni.
Anyaga üvegszálas poliészter, tetszőleges színekben rendelhető.
Bármilyen színösszeállításban rendelhetőek. Lehetőség van akár terepszínű kivitelre is.
A belső felület színezett védőréteggel van ellátva, ami segíti a hajó belsejének tisztán tartását. Érdemes megjegyezni, hogy könnyedén szállítható személygépkocsi tetején is.
A TC-02 kenu elsősorban fiatal pároknak, vagy egyedül túrázóknak ajánlott.
Jól alkalmazható túravezetőknek is, akik gyorsan kell, hogy megközelítsék a vízen haladó konvoj mindkét végét.";
4;Kuka;tengeri kajak;tengeri-kajak-vadonatuj-5.jpg;1;3500;"A kajakok a magányos, vagy párosan evezők eszközei. Nagyobb sebességgel lehet velük haladni, mint a túrakenukkal, de ennek az az ára, hogy evezés közben kötöttebben ül a kajakozó mint a kenus.
A TT-01 kajak folyókra, tavakra és tengerre is alkalmas vízitúra eszköz.
Nagy méretű tároló-rekeszei elől egy, hátul kettő darab vízmentes zárófedéllel vannak ellátva, így hosszabb túrára is elegendő hely van bennük a felszerelésnek.
Hosszú vízvonala és tökéletes kialakítása miatt kis energia-befektetéssel nagy sebességgel haladhatunk.
Az iránytartása kiváló. Alapkivitelben nincs benne kormányszerkezet, de az éles fenékkialakítás miatt nem is érezzük a hiányát. Igény szerint, el tudjuk látni kormánnyal ezt a kajakot is.
A felhúzott orr és farkiképzés a nagyobb hullámokon való áthaladásnál nyújt segítséget. Ez a kajak is szállítható gépkocsi tetején.
A kajak anyaga üvegszálas poliészter, ami UV álló és nagy rugalmasságú alapanyag. A kajak tetszőleges színben rendelhető.";
5;Morgó;túrakenu;turakenu-tc-02.jpg;2;7000;"A kenuk a legelterjedtebb vízitúra eszközök. Futásuk és belső tágasságuk miatt váltak közkedveltté. A nagyon vad hegyi vizeket kivéve szinte mindenhol használhatóak.
A jó minőségű gél-coat anyagoknak és a nagy szilárdságú műgyantáknak köszönhetően az ütéseknek is ellenállnak. Légkamrákat helyeztünk el a kenuk mindkét végébe, ami megakadályozza az elsüllyedését borulás esetén.
Az ülések ívelt kiképzésűek, így hosszabb túra után sem törnek. Minden ülés csavarozva van, így bármikor kiszerelhetőek, a kenu utastere átvariálható.
Bármilyen színösszeállításban rendelhetőek. Lehetőség van akár terepszínű kivitelre is.
A belső felület színezett védőréteggel van ellátva, ami segíti a hajó belsejének tisztán tartását. Érdemes megjegyezni, hogy könnyedén szállítható személygépkocsi tetején is.
A TC-02 kenu elsősorban fiatal pároknak, vagy egyedül túrázóknak ajánlott.
Jól alkalmazható túravezetőknek is, akik gyorsan kell, hogy megközelítsék a vízen haladó konvoj mindkét végét.";
6;Vidor;túrakenu;turakenu-tc-03-kiemelt-1024x381-1.jpg;3;10800;"A TC-03 kenu alkalmas kisebb családok és társaságok túrázására. Nagyon jól fordul, könnyen irányítható. Nagy előnye, hogy hossza mindössze 4,5 m, így viszonylag kisebb helyen is eltárolható.
A kenuk a legelterjedtebb vízitúra eszközök. Futásuk és belső tágasságuk miatt váltak közkedveltté. A nagyon vad hegyi vizeket kivéve szinte mindenhol használhatóak.
A jó minőségű gél-coat anyagoknak és a nagy szilárdságú műgyantáknak köszönhetően az ütéseknek is ellenállnak. Légkamrákat helyeztünk el a kenuk mindkét végébe, ami megakadályozza az elsüllyedését borulás esetén.
Az ülések ívelt kiképzésűek, így hosszabb túra után sem törnek. Minden ülés csavarozva van, így bármikor kiszerelhetőek, a kenu utastere átvariálható.
Bármilyen színösszeállításban rendelhetőek. Lehetőség van akár terepszínű kivitelre is.
A belső felület színezett védőréteggel van ellátva, ami segíti a hajó belsejének tisztán tartását. Érdemes megjegyezni, hogy könnyedén szállítható személygépkocsi tetején is.
A TC-03 kenu az egyik legalkalmasabb eszköz kisebb családok és társaságok túráin. Nagyon jól fordul, könnyen irányítható. Nagy előnye, hogy hossza mindössze 4,5 m, így viszonylag kisebb helyen is eltárolható.";
7;Hapci;indiánkenu;indiankenu-3-szemelyes-1024x360-1.jpg;3;9000;"A hosszított orrkiképzése miatt kapta az indiánkenu elnevezést. Ez az IC-03 kenu egy gyorsabb, jobb iránytartású kenu, mint a rövidebb csapattársa. Túravezetői kenunak is kiválóan megfelel.
A kenuk a legelterjedtebb vízitúra eszközök. Futásuk és belső tágasságuk miatt váltak közkedveltté. A nagyon vad hegyi vizeket kivéve szinte mindenhol használhatóak.
A jó minőségű gél-coat anyagoknak és a nagy szilárdságú műgyantáknak köszönhetően az ütéseknek is ellenállnak. Légkamrákat helyeztünk el a kenuk mindkét végébe, ami megakadályozza az elsüllyedését borulás esetén.
Az ülések ívelt kiképzésűek, így hosszabb túra után sem törnek. Minden ülés csavarozva van, így bármikor kiszerelhetőek, a kenu utastere átvariálható.
Bármilyen színösszeállításban rendelhetőek. Lehetőség van akár terepszínű kivitelre is.
A belső felület színezett védőréteggel van ellátva, ami segíti a hajó belsejének tisztán tartását. Érdemes megjegyezni, hogy könnyedén szállítható személygépkocsi tetején is.
Az indiánkenu elnevezés csak fantázia név, igazán hasonló vízitúra eszköz, mint a TC-03 túrakenu. A hosszított orrkiképzése miatt kapta az indiánkenu elnevezést. Az IC-03 azonban egy gyorsabb, jobb iránytartású kenu, mint rövidebb csapattársa. Túravezetői kenunak is kiválóan megfelel.";
8;Tudor;indiánkenu;indián-ic-04-kenu-001.jpg;4;16000;"Az IC-04 kenu a legnagyobb példányszámban eladott típus. Méltán, hiszen a legjobb futású és iránytartású kenu. A beülő létszám és ár arányát tekintve is a legjobb.
Az IC-04 kenu a legnagyobb példányszámban eladott típus. Méltán, hiszen a legjobb futású és iránytartású kenu. A beülő létszám és ár arányát tekintve is a legjobb.
A kölcsönzők számára is ez a leggazdaságosabb. 2014 évében nagyjából 150 darab készült belőle. Egyik felső tiszai túráztató vásárlónk, Dallos Sándor, egymaga 50 db-ot vásárolt belőle. A legnagyobb megelégedéssel használják őket azóta is.
A kenuk a legelterjedtebb vízitúra eszközök. Futásuk és belső tágasságuk miatt váltak közkedveltté. A nagyon vad hegyi vizeket kivéve szinte mindenhol használhatóak.
A jó minőségű gél-coat anyagoknak és a nagy szilárdságú műgyantáknak köszönhetően az ütéseknek is ellenállnak. Légkamra a kenuk mindkét végébe van építve, ami megakadályozza az elsüllyedését borulás esetén.
Az ülések ívelt kiképzésűek, így hosszabb túra után sem törnek. Minden ülés csavarozva van, így bármikor kiszerelhetőek, a kenu utastere átvariálható.
Bármilyen színösszeállításban rendelhetőek. Lehetőség van akár terepszínű kivitelre is.
A belső felület is el van látva színezett védőréteggel, ami segíti a hajó belsejének tisztán tartását. Fontos: szállítható személygépkocsi tetején.";
9;Okoska;indiánkenu IC-04XL;indián IC-04-XXL-kenu-1024x488-1.jpg;4;16800;"Az IC-04XL típus a legújabb fejlesztésű kenu. A vízitúrázók hosszú éves tapasztalatai alapján merült föl az igény egy még nagyobb teherbírású, kisebb merülésű 4-es kenu létrehozására. Ebben a kenuban, ha mind a négy fő bőven 100 kg fölötti, akkor is maximális stabilitást és biztonságot ad. Ugyanakkor  jobb siklású, haladósabb hajó a régebbi modellnél.
A kenuk a legelterjedtebb vízitúra eszközök. Futásuk és belső tágasságuk miatt váltak közkedveltté. A nagyon vad hegyi vizeket kivéve szinte mindenhol használhatóak.
A jó minőségű gél-coat anyagoknak és a nagy szilárdságú műgyantáknak köszönhetően az ütéseknek is ellenállnak. Légkamra a kenuk mindkét végébe van építve, ami megakadályozza az elsüllyedését borulás esetén.
Az ülések ívelt kiképzésűek, így hosszabb túra után sem törnek. Minden ülés csavarozva van, így bármikor kiszerelhetőek, a kenu utastere átvariálható.
Bármilyen színösszeállításban rendelhetőek. Lehetőség van akár terepszínű kivitelre is.
A belső felület is el van látva színezett védőréteggel, ami segíti a hajó belsejének tisztán tartását.";
10;Törpapa;versenykajak;verseny kajak dsc_0496.png;1;3900;;
11;Tréfi;versenykenu;verseny kenu c2_evo_d_01_tn.png;2;7600;;
