azonosito;nev;telefon;szuletesi_ev;uszni_tud
1;Kiss Dezső;+36204961665;1964;IGAZ
2;Kocsis Irma;+36208173509;1982;IGAZ
3;Tóth Pál;+36207957787;1981;IGAZ
4;Rozsdás Tibor;+36201200302;2002;IGAZ
5;Kamarás Lajos;+36304560055;1993;HAMIS
6;Tarkó Béla;+36209456214;2002;IGAZ
7;Kiss Ede;+36201705849;1998;IGAZ
8;Nagy Lajos;+36305160666;1992;HAMIS
9;Varga Károly;+36306480079;1970;IGAZ
10;Ferenczy Emese;+36203187904;1967;HAMIS
11;Beregi Tamás;+36209783942;1980;IGAZ
12;Albert Gyula;+36202629022;1970;HAMIS
13;Szucs Gyorgy Geza;+36205479464;2006;IGAZ
14;Ban Bela;+36407593433;1998;HAMIS
15;Birkas Lajos;+36307833120;1973;HAMIS
16;Csango Pal;+36308718945;1975;HAMIS
17;Csontos Karoly;+36209094780;1980;IGAZ
18;Denes Laszlo;+36206868151;1999;IGAZ
19;Dobo Erno;+36208327670;2003;HAMIS
20;Toth Dora Aliz;+36202911272;2006;IGAZ
21;Faradi Aniko;+36203508595;1996;HAMIS
22;Gal Adam;+36405131363;1996;HAMIS
23;Hegedus Zoltan;+36307189961;1984;HAMIS
24;Illes Miklos;+36302929218;1963;HAMIS
25;Jakab Agnes;+36207922109;1968;IGAZ
26;Kali Lajos;+36205056935;2006;IGAZ
27;Kocsis Judit;+36205986467;1986;HAMIS
28;Kosa Gyula Gabor;+36306855114;1967;IGAZ
29;Kovacs Rita;+36201763523;1978;HAMIS
30;Kozma Kalman;+36307688479;1980;HAMIS
31;Nagy Reka Anna;+36205823839;1999;IGAZ
32;Lazar Tamas;+36201652913;1963;IGAZ
33;Lengyel Mihaly;+36205845725;1992;HAMIS
34;Madarasz Emil;+36303621365;1995;IGAZ
35;Mate Margit;+36302445225;1990;HAMIS
36;Mecses Zsofia;+36301211779;1987;HAMIS
37;Molnar Dorottya;+36202984427;1981;IGAZ
38;Nagy Zsuzsa;+36203317688;1968;IGAZ
39;Pal Beata;+36309175841;1974;IGAZ
40;Pasztor Mihaly;+36308041579;1995;IGAZ
41;Pataky Jozsef;+36306613632;1980;IGAZ
42;Racz Dora Aliz;+36206730483;1984;HAMIS
43;Rozsa Robert;+36206359234;1995;HAMIS
44;Sas Ignacz;+36303166422;1973;HAMIS
45;Simon Simon;+36202089632;1993;IGAZ
46;Sos Miklos;+36305731441;1972;IGAZ
47;Szabo Anna;+36302831224;1983;HAMIS
48;Hegedus Gabriella;+36203278440;1972;HAMIS
49;Tatai Mark;+36304327140;2001;IGAZ
50;Tobias Krisztina;+36305615945;1977;IGAZ
51;Toth Janos;+36402711632;1986;HAMIS
52;Varga Istvan;+36201043812;1994;HAMIS
53;Vigh Eva;+36305924891;1972;IGAZ
