orszag_neve;arany;ezust;bronz;ev
Egyesült Államok (USA);11;7;2;1896
Görögország (GRE);10;17;19;1896
Németország (GER);6;5;2;1896
Franciaország (FRA);5;4;2;1896
Nagy-Britannia (GBR);2;3;2;1896
Magyarország (HUN);2;1;3;1896
Ausztria (AUT);2;1;2;1896
Ausztrália (AUS);2;0;0;1896
Dánia (DEN);1;2;3;1896
Svájc (SUI);1;2;0;1896
Nemzetközi Csapat (ZZX)[2];1;1;1;1896
;;;;1896
43;43;36;122;1896
Franciaország (FRA);26;41;34;1900
Egyesült Államok (USA);19;14;14;1900
Nagy-Britannia (GBR);15;6;9;1900
Nemzetközi Csapat (ZZX)[2];6;3;3;1900
Svájc (SUI);6;2;1;1900
Belgium (BEL);5;5;5;1900
Németország (GER);4;2;2;1900
Olaszország (ITA);2;2;0;1900
Ausztrália (AUS);2;0;3;1900
Dánia (DEN);1;3;2;1900
Magyarország (HUN);1;2;2;1900
Kuba (CUB);1;1;0;1900
Kanada (CAN);1;0;1;1900
Spanyolország (ESP);1;0;0;1900
;;;;1900
Ausztria (AUT);0;3;3;1900
Norvégia (NOR);0;2;3;1900
India (IND);0;2;0;1900
Hollandia (NED);0;1;3;1900
Cseh Királyság (BOH);0;1;1;1900
;;;;1900
Mexikó (MEX);0;0;1;1900
0;0;1;1;1900
;;;;1900
90;90;88;268;1900
Egyesült Államok (USA);78;82;79;1904
Németország (GER);4;4;5;1904
Kuba (CUB);4;2;3;1904
Kanada (CAN);4;1;1;1904
Magyarország (HUN);2;1;1;1904
Nagy-Britannia (GBR);1;1;0;1904
1;1;0;2;1904
Görögország (GRE);1;0;1;1904
1;0;1;2;1904
;;;;1904
Ausztria (AUT);0;0;1;1904
;;;;1904
96;92;92;280;1904
Nagy-Britannia (GBR);56;51;39;1908
Egyesült Államok (USA);23;12;12;1908
Svédország (SWE);8;6;11;1908
Franciaország (FRA);5;5;9;1908
Németország (GER);3;5;5;1908
Magyarország (HUN);3;4;2;1908
Kanada (CAN);3;3;10;1908
Norvégia (NOR);2;3;3;1908
Olaszország (ITA);2;2;0;1908
Belgium (BEL);1;5;2;1908
Ausztrálázsia (ANZ);1;2;2;1908
Oroszország (RUS);1;2;0;1908
Finnország (FIN);1;1;3;1908
Dél-afrikai Köztársaság (RSA);1;1;0;1908
;;;;1908
Görögország (GRE);0;3;0;1908
Dánia (DEN);0;2;3;1908
;;;;1908
Cseh Királyság (BOH);0;0;2;1908
0;0;2;2;1908
Ausztria (AUT);0;0;1;1908
;;;;1908
110;107;106;323;1908
Egyesült Államok (USA);25;19;19;1912
Svédország (SWE);24;24;17;1912
Nagy-Britannia (GBR);10;15;16;1912
Finnország (FIN);9;8;9;1912
Franciaország (FRA);7;4;3;1912
Németország (GER);5;13;7;1912
Dél-afrikai Köztársaság (RSA);4;2;0;1912
Norvégia (NOR);4;1;4;1912
Kanada (CAN);3;2;3;1912
3;2;3;8;1912
Olaszország (ITA);3;1;2;1912
Ausztrálázsia (ANZ)[1];2;2;3;1912
Belgium (BEL);2;1;3;1912
Dánia (DEN);1;6;5;1912
Görögország (GRE);1;0;1;1912
;;;;1912
Oroszország (RUS);0;2;3;1912
Ausztria (AUT);0;2;2;1912
;;;;1912
Hollandia (NED);0;0;3;1912
;;;;1912
103;104;103;310;1912
Egyesült Államok (USA);41;27;27;1920
Svédország (SWE);19;20;25;1920
Nagy-Britannia (GBR);15;15;13;1920
Finnország (FIN);15;10;9;1920
Belgium (BEL);14;11;11;1920
Norvégia (NOR);13;9;9;1920
Olaszország (ITA);13;5;5;1920
Franciaország (FRA);9;19;13;1920
Hollandia (NED);4;2;5;1920
Dánia (DEN);3;9;1;1920
Dél-afrikai Köztársaság (RSA);3;4;3;1920
Kanada (CAN);3;3;3;1920
Svájc (SUI);2;2;7;1920
Észtország (EST);1;2;0;1920
Brazília (BRA);1;1;1;1920
;;;;1920
Ausztrália (AUS);0;2;1;1920
Japán (JPN);0;2;0;1920
0;2;0;2;1920
Görögország (GRE);0;1;0;1920
0;1;0;1;1920
;;;;1920
Csehszlovákia (TCH);0;0;2;1920
Új-Zéland (NZL);0;0;1;1920
;;;;1920
156;147;136;439;1920
Egyesült Államok (USA);45;27;27;1924
Finnország (FIN);14;13;10;1924
Franciaország (FRA);13;15;10;1924
Nagy-Britannia (GBR);9;13;12;1924
Olaszország (ITA);8;3;5;1924
Svájc (SUI);7;8;10;1924
Norvégia (NOR);5;2;3;1924
Svédország (SWE);4;13;12;1924
Hollandia (NED);4;1;5;1924
Belgium (BEL);3;7;3;1924
Ausztrália (AUS);3;1;2;1924
Dánia (DEN);2;5;2;1924
Magyarország (HUN);2;3;4;1924
Jugoszlávia (YUG);2;0;0;1924
Csehszlovákia (TCH);1;4;5;1924
Argentína (ARG);1;3;2;1924
Észtország (EST);1;1;4;1924
Dél-afrikai Köztársaság (RSA);1;1;1;1924
Uruguay (URU);1;0;0;1924
;;;;1924
Ausztria (AUT);0;3;1;1924
0;3;1;4;1924
Lengyelország (POL);0;1;1;1924
;;;;1924
Haiti (HAI);0;0;1;1924
0;0;1;1;1924
0;0;1;1;1924
0;0;1;1;1924
0;0;1;1;1924
;;;;1924
126;127;125;378;1924
Egyesült Államok (USA);22;18;16;1928
Németország (GER);10;7;14;1928
Finnország (FIN);8;8;9;1928
Svédország (SWE);7;6;12;1928
Olaszország (ITA);7;5;7;1928
Svájc (SUI);7;4;4;1928
Franciaország (FRA);6;10;5;1928
Hollandia (NED);6;9;4;1928
Magyarország (HUN);4;5;0;1928
Kanada (CAN);4;4;7;1928
Nagy-Britannia (GBR);3;10;7;1928
Argentína (ARG);3;3;1;1928
Dánia (DEN);3;1;2;1928
Csehszlovákia (TCH);2;5;2;1928
Japán (JPN);2;2;1;1928
Észtország (EST);2;1;2;1928
Egyiptom (EGY);2;1;1;1928
Ausztria (AUT);2;0;1;1928
Ausztrália (AUS);1;2;1;1928
Norvégia (NOR);1;2;1;1928
Lengyelország (POL);1;1;3;1928
Jugoszlávia (YUG);1;1;3;1928
Dél-afrikai Köztársaság (RSA);1;0;2;1928
India (IND);1;0;0;1928
Írország (IRL);1;0;0;1928
Új-Zéland (NZL);1;0;0;1928
Spanyolország (ESP);1;0;0;1928
Uruguay (URU);1;0;0;1928
;;;;1928
Belgium (BEL);0;1;2;1928
Chile (CHI);0;1;0;1928
Haiti (HAI);0;1;0;1928
;;;;1928
Fülöp-szigetek (PHI);0;0;1;1928
Portugália (POR);0;0;1;1928
;;;;1928
110;108;109;327;1928
Egyesült Államok (USA);41;32;30;1932
Olaszország (ITA);12;12;12;1932
Franciaország (FRA);10;5;4;1932
Svédország (SWE);9;5;9;1932
Japán (JPN);7;7;4;1932
Magyarország (HUN);6;4;5;1932
Finnország (FIN);5;8;12;1932
Nagy-Britannia (GBR);4;7;5;1932
Németország (GER);3;12;5;1932
Ausztrália (AUS);3;1;1;1932
Argentína (ARG);3;1;0;1932
Kanada (CAN);2;5;8;1932
Hollandia (NED);2;5;0;1932
Lengyelország (POL);2;1;4;1932
Dél-afrikai Köztársaság (RSA);2;0;3;1932
Írország (IRL);2;0;0;1932
Csehszlovákia (TCH);1;2;1;1932
Ausztria (AUT);1;1;3;1932
India (IND);1;0;0;1932
;;;;1932
Dánia (DEN);0;3;3;1932
Mexikó (MEX);0;2;0;1932
Lettország (LAT);0;1;0;1932
0;1;0;1;1932
0;1;0;1;1932
;;;;1932
Fülöp-szigetek (PHI);0;0;3;1932
Spanyolország (ESP);0;0;1;1932
0;0;1;1;1932
;;;;1932
116;116;114;346;1932
Németország (GER);33;26;30;1936
Egyesült Államok (USA);24;20;12;1936
Magyarország (HUN);10;1;5;1936
Olaszország (ITA);8;9;5;1936
Finnország (FIN);7;6;6;1936
7;6;6;19;1936
Svédország (SWE);6;5;9;1936
Japán (JPN);6;4;8;1936
Hollandia (NED);6;4;7;1936
Nagy-Britannia (GBR);4;7;3;1936
Ausztria (AUT);4;6;3;1936
Csehszlovákia (TCH);3;5;0;1936
Argentína (ARG);2;2;3;1936
2;2;3;7;1936
Egyiptom (EGY);2;1;2;1936
Svájc (SUI);1;9;5;1936
Kanada (CAN);1;3;5;1936
Norvégia (NOR);1;3;2;1936
Törökország (TUR);1;0;1;1936
India (IND);1;0;0;1936
1;0;0;1;1936
;;;;1936
Lengyelország (POL);0;3;3;1936
Dánia (DEN);0;2;3;1936
Lettország (LAT);0;1;1;1936
Dél-afrikai Köztársaság (RSA);0;1;0;1936
0;1;0;1;1936
0;1;0;1;1936
;;;;1936
Mexikó (MEX);0;0;3;1936
Belgium (BEL);0;0;2;1936
Ausztrália (AUS);0;0;1;1936
0;0;1;1;1936
0;0;1;1;1936
;;;;1936
130;128;130;388;1936
Egyesült Államok (USA);38;27;19;1948
Svédország (SWE);16;11;17;1948
Franciaország (FRA);10;6;13;1948
Magyarország (HUN);10;5;12;1948
Olaszország (ITA);8;11;8;1948
Finnország (FIN);8;7;5;1948
Törökország (TUR);6;4;2;1948
Csehszlovákia (TCH);6;2;3;1948
Svájc (SUI);5;10;5;1948
Dánia (DEN);5;7;8;1948
Hollandia (NED);5;2;9;1948
Nagy-Britannia (GBR);3;14;6;1948
Argentína (ARG);3;3;1;1948
Ausztrália (AUS);2;6;5;1948
Belgium (BEL);2;2;3;1948
Egyiptom (EGY);2;2;1;1948
Mexikó (MEX);2;1;2;1948
Dél-afrikai Köztársaság (RSA);2;1;1;1948
Norvégia (NOR);1;3;3;1948
Jamaica (JAM);1;2;0;1948
Ausztria (AUT);1;0;3;1948
India (IND);1;0;0;1948
Peru (PER);1;0;0;1948
;;;;1948
Jugoszlávia (YUG);0;2;0;1948
Kanada (CAN);0;1;2;1948
Portugália (POR);0;1;1;1948
Uruguay (URU);0;1;1;1948
Kuba (CUB);0;1;0;1948
Spanyolország (ESP);0;1;0;1948
Ceylon (CEY);0;1;0;1948
Trinidad és Tobago (TRI);0;1;0;1948
;;;;1948
Dél-Korea (KOR);0;0;2;1948
Panama (PAN);0;0;2;1948
Brazília (BRA);0;0;1;1948
Irán (IRI);0;0;1;1948
Lengyelország (POL);0;0;1;1948
Puerto Rico (PUR);0;0;1;1948
;;;;1948
138;135;138;411;1948
Egyesült Államok (USA);40;19;17;1952
Szovjetunió (URS);22;30;19;1952
Magyarország (HUN);16;10;16;1952
Svédország (SWE);12;13;10;1952
Olaszország (ITA);8;9;4;1952
Csehszlovákia (TCH);7;3;3;1952
Franciaország (FRA);6;6;6;1952
Finnország (FIN);6;3;13;1952
Ausztrália (AUS);6;2;3;1952
Norvégia (NOR);3;2;0;1952
Svájc (SUI);2;6;6;1952
Dél-afrikai Köztársaság (RSA);2;4;4;1952
Jamaica (JAM);2;3;0;1952
Belgium (BEL);2;2;0;1952
Dánia (DEN);2;1;3;1952
Törökország (TUR);2;0;1;1952
Japán (JPN);1;6;2;1952
Nagy-Britannia (GBR);1;2;8;1952
Argentína (ARG);1;2;2;1952
Lengyelország (POL);1;2;1;1952
Kanada (CAN);1;2;0;1952
Jugoszlávia (YUG);1;2;0;1952
Románia (ROU);1;1;2;1952
Brazília (BRA);1;0;2;1952
Új-Zéland (NZL);1;0;2;1952
India (IND);1;0;1;1952
Luxemburg (LUX);1;0;0;1952
;;;;1952
Németország (GER)[1];0;7;17;1952
Hollandia (NED);0;5;0;1952
Irán (IRI);0;3;4;1952
Chile (CHI);0;2;0;1952
Ausztria (AUT);0;1;1;1952
Libanon (LIB);0;1;1;1952
Írország (IRL);0;1;0;1952
Mexikó (MEX);0;1;0;1952
Spanyolország (ESP);0;1;0;1952
;;;;1952
Dél-Korea (KOR);0;0;2;1952
Trinidad és Tobago (TRI);0;0;2;1952
Uruguay (URU);0;0;2;1952
Bulgária (BUL);0;0;1;1952
Egyiptom (EGY);0;0;1;1952
Portugália (POR);0;0;1;1952
Venezuela (VEN);0;0;1;1952
;;;;1952
149;152;158;459;1952
Szovjetunió (URS);37;29;32;1956
Egyesült Államok (USA);32;25;17;1956
Ausztrália (AUS);13;8;14;1956
Magyarország (HUN);9;10;7;1956
Olaszország (ITA);8;8;9;1956
Svédország (SWE)[1];8;5;6;1956
Egyesült Német Csapat (EUA)[2];6;13;7;1956
Nagy-Britannia (GBR);6;7;11;1956
Románia (ROU);5;3;5;1956
Japán (JPN);4;10;5;1956
Franciaország (FRA);4;4;6;1956
Törökország (TUR);3;2;2;1956
Finnország (FIN);3;1;11;1956
Irán (IRI);2;2;1;1956
Kanada (CAN);2;1;3;1956
Új-Zéland (NZL);2;0;0;1956
Lengyelország (POL);1;4;4;1956
Csehszlovákia (TCH);1;4;1;1956
Bulgária (BUL);1;3;1;1956
Dánia (DEN);1;2;1;1956
Írország (IRL);1;1;3;1956
Norvégia (NOR);1;0;2;1956
Mexikó (MEX);1;0;1;1956
Brazília (BRA);1;0;0;1956
India (IND);1;0;0;1956
;;;;1956
Jugoszlávia (YUG);0;3;0;1956
Chile (CHI);0;2;2;1956
Belgium (BEL);0;2;0;1956
Argentína (ARG);0;1;1;1956
Dél-Korea (KOR);0;1;1;1956
Izland (ISL);0;1;0;1956
Pakisztán (PAK);0;1;0;1956
;;;;1956
Dél-afrikai Köztársaság (RSA);0;0;4;1956
Ausztria (AUT);0;0;2;1956
Bahama-szigetek (BAH);0;0;1;1956
Görögország (GRE);0;0;1;1956
Svájc (SUI);0;0;1;1956
Uruguay (URU);0;0;1;1956
;;;;1956
153;153;163;469;1956
Szovjetunió (URS);43;29;31;1960
Egyesült Államok (USA);34;21;16;1960
Olaszország (ITA);13;10;13;1960
Egyesült Német Csapat (EUA)[1];12;19;11;1960
Ausztrália (AUS);8;8;6;1960
Törökország (TUR);7;2;0;1960
Magyarország (HUN);6;8;7;1960
Japán (JPN);4;7;7;1960
Lengyelország (POL);4;6;11;1960
Csehszlovákia (TCH);3;2;3;1960
Románia (ROU);3;1;6;1960
Nagy-Britannia (GBR);2;6;12;1960
Dánia (DEN);2;3;1;1960
Új-Zéland (NZL);2;0;1;1960
Bulgária (BUL);1;3;3;1960
Svédország (SWE);1;2;3;1960
Finnország (FIN);1;1;3;1960
Ausztria (AUT);1;1;0;1960
Jugoszlávia (YUG);1;1;0;1960
Pakisztán (PAK);1;0;1;1960
Etiópia (ETH);1;0;0;1960
Görögország (GRE);1;0;0;1960
Norvégia (NOR);1;0;0;1960
;;;;1960
Svájc (SUI);0;3;3;1960
Franciaország (FRA);0;2;3;1960
Belgium (BEL);0;2;2;1960
Irán (IRI);0;1;3;1960
Dél-afrikai Köztársaság (RSA);0;1;2;1960
Hollandia (NED);0;1;2;1960
Argentína (ARG);0;1;1;1960
Egyesült Arab Köztársaság (RAU);0;1;1;1960
Ghána (GHA);0;1;0;1960
India (IND);0;1;0;1960
Kanada (CAN);0;1;0;1960
Marokkó (MAR);0;1;0;1960
Portugália (POR);0;1;0;1960
Szingapúr (SIN);0;1;0;1960
Kínai Köztársaság (ROC);0;1;0;1960
;;;;1960
Brazília (BRA);0;0;2;1960
Brit Nyugat-India (BWI);0;0;2;1960
Irak (IRQ);0;0;1;1960
Mexikó (MEX);0;0;1;1960
Spanyolország (ESP);0;0;1;1960
Venezuela (VEN);0;0;1;1960
;;;;1960
152;149;160;461;1960
Egyesült Államok (USA);36;26;28;1964
Szovjetunió (URS);30;31;35;1964
Japán (JPN);16;5;8;1964
Egyesült Német Csapat (EUA)[1];10;22;18;1964
Olaszország (ITA);10;10;7;1964
Magyarország (HUN);10;7;5;1964
Lengyelország (POL);7;6;10;1964
Ausztrália (AUS);6;2;10;1964
Csehszlovákia (TCH);5;6;3;1964
Nagy-Britannia (GBR);4;12;2;1964
Bulgária (BUL);3;5;2;1964
Finnország (FIN);3;0;2;1964
Új-Zéland (NZL);3;0;2;1964
Románia (ROU);2;4;6;1964
Hollandia (NED);2;4;4;1964
Törökország (TUR);2;3;1;1964
Svédország (SWE);2;2;4;1964
Dánia (DEN);2;1;3;1964
Jugoszlávia (YUG);2;1;2;1964
Belgium (BEL);2;0;1;1964
Franciaország (FRA);1;8;6;1964
Kanada (CAN);1;2;1;1964
Svájc (SUI);1;2;1;1964
Bahama-szigetek (BAH);1;0;0;1964
Etiópia (ETH);1;0;0;1964
India (IND);1;0;0;1964
;;;;1964
Dél-Korea (KOR);0;2;1;1964
Trinidad és Tobago (TRI);0;1;2;1964
Tunézia (TUN);0;1;1;1964
Argentína (ARG);0;1;0;1964
Fülöp-szigetek (PHI);0;1;0;1964
Kuba (CUB);0;1;0;1964
Pakisztán (PAK);0;1;0;1964
;;;;1964
Irán (IRI);0;0;2;1964
Brazília (BRA);0;0;1;1964
Ghána (GHA);0;0;1;1964
Írország (IRL);0;0;1;1964
Kenya (KEN);0;0;1;1964
Mexikó (MEX);0;0;1;1964
Nigéria (NGR);0;0;1;1964
Uruguay (URU);0;0;1;1964
;;;;1964
163;167;174;504;1964
Egyesült Államok (USA);45;28;34;1968
Szovjetunió (URS);29;32;30;1968
Japán (JPN);11;7;7;1968
Magyarország (HUN);10;10;12;1968
NDK (GDR);9;9;7;1968
Franciaország (FRA);7;3;5;1968
Csehszlovákia (TCH);7;2;4;1968
NSZK (FRG);5;11;10;1968
Ausztrália (AUS);5;7;5;1968
Nagy-Britannia (GBR);5;5;3;1968
Lengyelország (POL);5;2;11;1968
Románia (ROU);4;6;5;1968
Olaszország (ITA);3;4;9;1968
Kenya (KEN);3;4;2;1968
Mexikó (MEX);3;3;3;1968
Jugoszlávia (YUG);3;3;2;1968
Hollandia (NED);3;3;1;1968
Bulgária (BUL);2;4;3;1968
Irán (IRI);2;1;2;1968
Svédország (SWE);2;1;1;1968
Törökország (TUR);2;0;0;1968
Dánia (DEN);1;4;3;1968
Kanada (CAN);1;3;1;1968
Finnország (FIN);1;2;1;1968
Etiópia (ETH);1;1;0;1968
Norvégia (NOR);1;1;0;1968
Új-Zéland (NZL);1;0;2;1968
Tunézia (TUN);1;0;1;1968
Pakisztán (PAK);1;0;0;1968
Venezuela (VEN);1;0;0;1968
;;;;1968
Kuba (CUB);0;4;0;1968
Ausztria (AUT);0;2;2;1968
Svájc (SUI);0;1;4;1968
Mongólia (MGL);0;1;3;1968
Brazília (BRA);0;1;2;1968
Belgium (BEL);0;1;1;1968
Dél-Korea (KOR);0;1;1;1968
Uganda (UGA);0;1;1;1968
Kamerun (CMR);0;1;0;1968
Jamaica (JAM);0;1;0;1968
;;;;1968
Argentína (ARG);0;0;2;1968
Görögország (GRE);0;0;1;1968
India (IND);0;0;1;1968
Tajvan (ROC);0;0;1;1968
;;;;1968
174;170;183;527;1968
Szovjetunió (URS);50;27;22;1972
Egyesült Államok (USA);33;31;30;1972
NDK (GDR);20;23;23;1972
NSZK (FRG);13;11;16;1972
Japán (JPN);13;8;8;1972
Ausztrália (AUS);8;7;2;1972
Lengyelország (POL);7;5;9;1972
Magyarország (HUN);6;13;16;1972
Bulgária (BUL);6;10;5;1972
Olaszország (ITA);5;3;10;1972
Svédország (SWE);4;6;6;1972
Nagy-Britannia (GBR);4;5;9;1972
Románia (ROU);3;6;7;1972
Finnország (FIN);3;1;4;1972
Kuba (CUB);3;1;4;1972
Hollandia (NED);3;1;1;1972
Franciaország (FRA);2;4;7;1972
Csehszlovákia (TCH);2;4;2;1972
Kenya (KEN);2;3;4;1972
Jugoszlávia (YUG);2;1;2;1972
Norvégia (NOR);2;1;1;1972
Észak-Korea (PRK);1;1;3;1972
Új-Zéland (NZL);1;1;1;1972
Uganda (UGA);1;1;0;1972
Dánia (DEN);1;0;0;1972
;;;;1972
Svájc (SUI);0;3;0;1972
Kanada (CAN);0;2;3;1972
Irán (IRI);0;2;1;1972
Belgium (BEL);0;2;0;1972
Görögország (GRE);0;2;0;1972
Ausztria (AUT);0;1;2;1972
Kolumbia (COL);0;1;2;1972
Argentína (ARG);0;1;0;1972
Dél-Korea (KOR);0;1;0;1972
Libanon (LIB);0;1;0;1972
Mexikó (MEX);0;1;0;1972
Mongólia (MGL);0;1;0;1972
Pakisztán (PAK);0;1;0;1972
Tunézia (TUN);0;1;0;1972
Törökország (TUR);0;1;0;1972
;;;;1972
Brazília (BRA);0;0;2;1972
Etiópia (ETH);0;0;2;1972
Ghána (GHA);0;0;1;1972
India (IND);0;0;1;1972
Jamaica (JAM);0;0;1;1972
Niger (NIG);0;0;1;1972
Nigéria (NGR);0;0;1;1972
Spanyolország (ESP);0;0;1;1972
;;;;1972
195;195;210;600;1972
Szovjetunió (URS);49;41;35;1976
NDK (GDR);40;25;25;1976
Egyesült Államok (USA);34;35;25;1976
NSZK (FRG);10;12;17;1976
Japán (JPN);9;6;10;1976
Lengyelország (POL);7;6;13;1976
Bulgária (BUL);6;9;7;1976
Kuba (CUB);6;4;3;1976
Románia (ROU);4;9;14;1976
Magyarország (HUN);4;5;13;1976
Finnország (FIN);4;2;0;1976
Svédország (SWE);4;1;0;1976
Nagy-Britannia (GBR);3;5;5;1976
Olaszország (ITA);2;7;4;1976
Franciaország (FRA);2;3;4;1976
Jugoszlávia (YUG);2;3;3;1976
Csehszlovákia (TCH);2;2;4;1976
Új-Zéland (NZL);2;1;1;1976
Dél-Korea (KOR);1;1;4;1976
Svájc (SUI);1;1;2;1976
Jamaica (JAM);1;1;0;1976
Észak-Korea (PRK);1;1;0;1976
Norvégia (NOR);1;1;0;1976
Dánia (DEN);1;0;2;1976
Mexikó (MEX);1;0;1;1976
Trinidad és Tobago (TRI);1;0;0;1976
;;;;1976
Kanada (CAN);0;5;6;1976
Belgium (BEL);0;3;3;1976
Hollandia (NED);0;2;3;1976
Portugália (POR);0;2;0;1976
Spanyolország (ESP);0;2;0;1976
Ausztrália (AUS);0;1;4;1976
Irán (IRI);0;1;1;1976
Mongólia (MGL);0;1;0;1976
Venezuela (VEN);0;1;0;1976
;;;;1976
Brazília (BRA);0;0;2;1976
Ausztria (AUT);0;0;1;1976
Bermuda (BER);0;0;1;1976
Pakisztán (PAK);0;0;1;1976
Puerto Rico (PUR);0;0;1;1976
Thaiföld (THA);0;0;1;1976
;;;;1976
198;199;216;613;1976
Szovjetunió (URS);80;69;46;1980
NDK (GDR);47;37;42;1980
Bulgária (BUL);8;16;17;1980
Kuba (CUB);8;7;5;1980
Olaszország (ITA);8;3;4;1980
Magyarország (HUN);7;10;15;1980
Románia (ROU);6;6;13;1980
Franciaország (FRA);6;5;3;1980
Nagy-Britannia (GBR);5;7;9;1980
Lengyelország (POL);3;14;15;1980
Svédország (SWE);3;3;6;1980
Finnország (FIN);3;1;4;1980
Csehszlovákia (TCH);2;3;9;1980
Jugoszlávia (YUG);2;3;4;1980
Ausztrália (AUS);2;2;5;1980
Dánia (DEN);2;1;2;1980
Brazília (BRA);2;0;2;1980
Etiópia (ETH);2;0;2;1980
Svájc (SUI);2;0;0;1980
Spanyolország (ESP);1;3;2;1980
Ausztria (AUT);1;2;1;1980
Görögország (GRE);1;0;2;1980
Belgium (BEL);1;0;0;1980
India (IND);1;0;0;1980
Zimbabwe (ZIM);1;0;0;1980
;;;;1980
Észak-Korea (PRK);0;3;2;1980
Mongólia (MGL);0;2;2;1980
Tanzánia (TAN);0;2;0;1980
Mexikó (MEX);0;1;3;1980
Hollandia (NED);0;1;2;1980
Írország (IRL);0;1;1;1980
Uganda (UGA);0;1;0;1980
Venezuela (VEN);0;1;0;1980
;;;;1980
Jamaica (JAM);0;0;3;1980
Guyana (GUY);0;0;1;1980
Libanon (LIB);0;0;1;1980
;;;;1980
204;204;223;631;1980
Egyesült Államok (USA);83;61;30;1984
Románia (ROU);20;16;17;1984
NSZK (FRG);17;19;23;1984
Kína (CHN);15;8;9;1984
Olaszország (ITA);14;6;12;1984
Kanada (CAN);10;18;16;1984
Japán (JPN);10;8;14;1984
Új-Zéland (NZL);8;1;2;1984
Jugoszlávia (YUG);7;4;7;1984
Dél-Korea (KOR);6;6;7;1984
Nagy-Britannia (GBR);5;11;21;1984
Franciaország (FRA);5;7;16;1984
Hollandia (NED);5;2;6;1984
Ausztrália (AUS);4;8;12;1984
Finnország (FIN);4;2;6;1984
Svédország (SWE);2;11;6;1984
Mexikó (MEX);2;3;1;1984
Marokkó (MAR);2;0;0;1984
Brazília (BRA);1;5;2;1984
Spanyolország (ESP);1;2;2;1984
Belgium (BEL);1;1;2;1984
Ausztria (AUT);1;1;1;1984
Kenya (KEN);1;0;2;1984
Portugália (POR);1;0;2;1984
Pakisztán (PAK);1;0;0;1984
;;;;1984
Svájc (SUI);0;4;4;1984
Dánia (DEN);0;3;3;1984
Jamaica (JAM);0;1;2;1984
Norvégia (NOR);0;1;2;1984
Görögország (GRE);0;1;1;1984
Nigéria (NGR);0;1;1;1984
Puerto Rico (PUR);0;1;1;1984
Kolumbia (COL);0;1;0;1984
Elefántcsontpart (CIV);0;1;0;1984
Egyiptom (EGY);0;1;0;1984
Írország (IRL);0;1;0;1984
Peru (PER);0;1;0;1984
Szíria (SYR);0;1;0;1984
Thaiföld (THA);0;1;0;1984
;;;;1984
Törökország (TUR);0;0;3;1984
Venezuela (VEN);0;0;3;1984
Algéria (ALG);0;0;2;1984
Kamerun (CMR);0;0;1;1984
Tajvan (TPE);0;0;1;1984
Dominikai Köztársaság (DOM);0;0;1;1984
Izland (ISL);0;0;1;1984
Zambia (ZAM);0;0;1;1984
;;;;1984
226;219;243;688;1984
Szovjetunió (URS);55;31;46;1988
NDK (GDR);37;35;30;1988
Egyesült Államok (USA);36;31;27;1988
Dél-Korea (KOR);12;10;11;1988
NSZK (FRG);11;14;15;1988
Magyarország (HUN);11;6;6;1988
Bulgária (BUL);10;12;13;1988
Románia (ROU);7;11;6;1988
Franciaország (FRA);6;4;6;1988
Olaszország (ITA);6;4;4;1988
Kína (CHN);5;11;12;1988
Nagy-Britannia (GBR);5;10;9;1988
Kenya (KEN);5;2;2;1988
Japán (JPN);4;3;7;1988
Ausztrália (AUS);3;6;5;1988
Jugoszlávia (YUG);3;4;5;1988
Csehszlovákia (TCH);3;3;2;1988
Új-Zéland (NZL);3;2;8;1988
Kanada (CAN);3;2;5;1988
Lengyelország (POL);2;5;9;1988
Norvégia (NOR);2;3;0;1988
Hollandia (NED);2;2;5;1988
Dánia (DEN);2;1;1;1988
Brazília (BRA);1;2;3;1988
Finnország (FIN);1;1;2;1988
Spanyolország (ESP);1;1;2;1988
Törökország (TUR);1;1;0;1988
Marokkó (MAR);1;0;2;1988
Ausztria (AUT);1;0;0;1988
Portugália (POR);1;0;0;1988
Suriname (SUR);1;0;0;1988
;;;;1988
Svédország (SWE);0;4;7;1988
Svájc (SUI);0;2;2;1988
Jamaica (JAM);0;2;0;1988
Argentína (ARG);0;1;1;1988
Amerikai Virgin-szigetek (ISV);0;1;0;1988
Chile (CHI);0;1;0;1988
Costa Rica (CRC);0;1;0;1988
Holland Antillák (AHO);0;1;0;1988
Indonézia (INA);0;1;0;1988
Irán (IRI);0;1;0;1988
Peru (PER);0;1;0;1988
Szenegál (SEN);0;1;0;1988
;;;;1988
Belgium (BEL);0;0;2;1988
Mexikó (MEX);0;0;2;1988
Dzsibuti (DJI);0;0;1;1988
Fülöp-szigetek (PHI);0;0;1;1988
Görögország (GRE);0;0;1;1988
Kolumbia (COL);0;0;1;1988
Mongólia (MGL);0;0;1;1988
Pakisztán (PAK);0;0;1;1988
Thaiföld (THA);0;0;1;1988
;;;;1988
241;234;264;739;1988
Egyesített Csapat (EUN);45;38;29;1992
Egyesült Államok (USA);37;34;37;1992
Németország (GER);33;21;28;1992
Kína (CHN);16;22;16;1992
Kuba (CUB);14;6;11;1992
Spanyolország (ESP);13;7;2;1992
Dél-Korea (KOR);12;5;12;1992
Magyarország (HUN);11;12;7;1992
Franciaország (FRA);8;5;16;1992
Ausztrália (AUS);7;9;11;1992
Kanada (CAN);7;4;7;1992
Olaszország (ITA);6;5;8;1992
Nagy-Britannia (GBR);5;3;12;1992
Románia (ROU);4;6;8;1992
Csehszlovákia (TCH);4;2;1;1992
Észak-Korea (PRK);4;0;5;1992
Japán (JPN);3;8;11;1992
Bulgária (BUL);3;7;6;1992
Lengyelország (POL);3;6;10;1992
Hollandia (NED);2;6;7;1992
Kenya (KEN);2;4;2;1992
Norvégia (NOR);2;4;1;1992
Törökország (TUR);2;2;2;1992
Indonézia (INA);2;2;1;1992
Brazília (BRA);2;1;0;1992
Görögország (GRE);2;0;0;1992
Svédország (SWE);1;7;4;1992
Új-Zéland (NZL);1;4;5;1992
Finnország (FIN);1;2;2;1992
Dánia (DEN);1;1;4;1992
Marokkó (MAR);1;1;1;1992
Írország (IRL);1;1;0;1992
Etiópia (ETH);1;0;2;1992
Algéria (ALG);1;0;1;1992
Észtország (EST);1;0;1;1992
Litvánia (LTU);1;0;1;1992
Svájc (SUI);1;0;0;1992
;;;;1992
Jamaica (JAM);0;3;1;1992
Nigéria (NGR);0;3;1;1992
Lettország (LAT);0;2;1;1992
Ausztria (AUT);0;2;0;1992
Dél-afrikai Köztársaság (RSA);0;2;0;1992
Namíbia (NAM);0;2;0;1992
Belgium (BEL);0;1;2;1992
Független résztvevők (IOP);0;1;2;1992
Horvátország (CRO);0;1;2;1992
Irán (IRI);0;1;2;1992
Izrael (ISR);0;1;1;1992
Mexikó (MEX);0;1;0;1992
Peru (PER);0;1;0;1992
Tajvan (TPE);0;1;0;1992
;;;;1992
Mongólia (MGL);0;0;2;1992
Szlovénia (SLO);0;0;2;1992
Argentína (ARG);0;0;1;1992
Bahama-szigetek (BAH);0;0;1;1992
Fülöp-szigetek (PHI);0;0;1;1992
Ghána (GHA);0;0;1;1992
Katar (QAT);0;0;1;1992
Kolumbia (COL);0;0;1;1992
Malajzia (MAS);0;0;1;1992
Pakisztán (PAK);0;0;1;1992
Puerto Rico (PUR);0;0;1;1992
Suriname (SUR);0;0;1;1992
Thaiföld (THA);0;0;1;1992
;;;;1992
260;257;298;815;1992
Egyesült Államok (USA);44;32;25;1996
Oroszország (RUS);26;21;16;1996
Németország (GER);20;18;27;1996
Kína (CHN);16;22;12;1996
Franciaország (FRA);15;7;15;1996
Olaszország (ITA);13;10;12;1996
Ausztrália (AUS);9;9;23;1996
Kuba (CUB);9;8;8;1996
Ukrajna (UKR);9;2;12;1996
Dél-Korea (KOR);7;15;5;1996
Lengyelország (POL);7;5;5;1996
Magyarország (HUN);7;4;10;1996
Spanyolország (ESP);5;6;6;1996
Románia (ROU);4;7;9;1996
Hollandia (NED);4;5;10;1996
Görögország (GRE);4;4;0;1996
Csehország (CZE);4;3;4;1996
Svájc (SUI);4;3;0;1996
Dánia (DEN);4;1;1;1996
Törökország (TUR);4;1;1;1996
Kanada (CAN);3;11;8;1996
Bulgária (BUL);3;7;5;1996
Japán (JPN);3;6;5;1996
Kazahsztán (KAZ);3;4;4;1996
Brazília (BRA);3;3;9;1996
Új-Zéland (NZL);3;2;1;1996
Dél-afrikai Köztársaság (RSA);3;1;1;1996
Írország (IRL);3;0;1;1996
Svédország (SWE);2;4;2;1996
Norvégia (NOR);2;2;3;1996
Belgium (BEL);2;2;2;1996
Nigéria (NGR);2;1;3;1996
Észak-Korea (PRK);2;1;2;1996
Algéria (ALG);2;0;1;1996
Etiópia (ETH);2;0;1;1996
Nagy-Britannia (GBR);1;8;6;1996
Fehéroroszország (BLR);1;6;8;1996
Kenya (KEN);1;4;3;1996
Jamaica (JAM);1;3;2;1996
Finnország (FIN);1;2;1;1996
Indonézia (INA);1;1;2;1996
Jugoszlávia (SCG);1;1;2;1996
Irán (IRI);1;1;1;1996
Szlovákia (SVK);1;1;1;1996
Örményország (ARM);1;1;0;1996
Horvátország (CRO);1;1;0;1996
Portugália (POR);1;0;1;1996
Thaiföld (THA);1;0;1;1996
Burundi (BDI);1;0;0;1996
Costa Rica (CRC);1;0;0;1996
Ecuador (ECU);1;0;0;1996
Hongkong (HKG);1;0;0;1996
Szíria (SYR);1;0;0;1996
;;;;1996
Argentína (ARG);0;2;1;1996
Namíbia (NAM);0;2;0;1996
Szlovénia (SLO);0;2;0;1996
Ausztria (AUT);0;1;2;1996
Malajzia (MAS);0;1;1;1996
Moldova (MDA);0;1;1;1996
Üzbegisztán (UZB);0;1;1;1996
Azerbajdzsán (AZE);0;1;0;1996
Bahama-szigetek (BAH);0;1;0;1996
Tajvan (TPE);0;1;0;1996
Lettország (LAT);0;1;0;1996
Fülöp-szigetek (PHI);0;1;0;1996
Tonga (TGA);0;1;0;1996
Zambia (ZAM);0;1;0;1996
;;;;1996
Grúzia (GEO);0;0;2;1996
Marokkó (MAR);0;0;2;1996
Trinidad és Tobago (TRI);0;0;2;1996
India (IND);0;0;1;1996
Izrael (ISR);0;0;1;1996
Litvánia (LTU);0;0;1;1996
Mexikó (MEX);0;0;1;1996
Mongólia (MGL);0;0;1;1996
Mozambik (MOZ);0;0;1;1996
Puerto Rico (PUR);0;0;1;1996
Tunézia (TUN);0;0;1;1996
Uganda (UGA);0;0;1;1996
;;;;1996
271;273;298;842;1996
Egyesült Államok (USA);37;24;32;2000
Oroszország (RUS);32;28;29;2000
Kína (CHN);28;16;14;2000
Ausztrália (AUS);16;25;17;2000
Németország (GER);13;17;26;2000
Franciaország (FRA);13;14;11;2000
Olaszország (ITA);13;8;13;2000
Hollandia (NED);12;9;4;2000
Kuba (CUB);11;11;7;2000
Nagy-Britannia (GBR);11;10;7;2000
Románia (ROU);11;6;9;2000
Dél-Korea (KOR);8;10;10;2000
Magyarország (HUN);8;6;3;2000
Lengyelország (POL);6;5;3;2000
Japán (JPN);5;8;5;2000
Bulgária (BUL);5;6;2;2000
Görögország (GRE);4;6;3;2000
Svédország (SWE);4;5;3;2000
Norvégia (NOR);4;3;3;2000
Etiópia (ETH);4;1;3;2000
Ukrajna (UKR);3;10;10;2000
Kazahsztán (KAZ);3;4;0;2000
Fehéroroszország (BLR);3;3;11;2000
Kanada (CAN);3;3;8;2000
Spanyolország (ESP);3;3;5;2000
Törökország (TUR);3;0;2;2000
Irán (IRI);3;0;1;2000
Csehország (CZE);2;3;3;2000
Kenya (KEN);2;3;2;2000
Dánia (DEN);2;3;1;2000
Finnország (FIN);2;1;1;2000
Ausztria (AUT);2;1;0;2000
Litvánia (LTU);2;0;3;2000
Azerbajdzsán (AZE);2;0;1;2000
Bahama-szigetek (BAH);2;0;1;2000
Szlovénia (SLO);2;0;0;2000
Svájc (SUI);1;6;2;2000
Indonézia (INA);1;3;2;2000
Szlovákia (SVK);1;3;1;2000
Mexikó (MEX);1;2;3;2000
Nigéria (NGR);1;2;0;2000
Algéria (ALG);1;1;3;2000
Üzbegisztán (UZB);1;1;2;2000
Lettország (LAT);1;1;1;2000
Jugoszlávia (SCG);1;1;1;2000
Új-Zéland (NZL);1;0;3;2000
Észtország (EST);1;0;2;2000
Thaiföld (THA);1;0;2;2000
Horvátország (CRO);1;0;1;2000
Kamerun (CMR);1;0;0;2000
Kolumbia (COL);1;0;0;2000
Mozambik (MOZ);1;0;0;2000
;;;;2000
Brazília (BRA);0;6;6;2000
Jamaica (JAM);0;6;3;2000
Belgium (BEL);0;2;3;2000
Dél-afrikai Köztársaság (RSA);0;2;3;2000
Argentína (ARG);0;2;2;2000
Tajvan (TPE);0;1;4;2000
Marokkó (MAR);0;1;4;2000
Észak-Korea (PRK);0;1;3;2000
Moldova (MDA);0;1;1;2000
Szaúd-Arábia (KSA);0;1;1;2000
Trinidad és Tobago (TRI);0;1;1;2000
Írország (IRL);0;1;0;2000
Sri Lanka (SRI);0;1;0;2000
Uruguay (URU);0;1;0;2000
Vietnám (VIE);0;1;0;2000
;;;;2000
Grúzia (GEO);0;0;6;2000
Costa Rica (CRC);0;0;2;2000
Portugália (POR);0;0;2;2000
Örményország (ARM);0;0;1;2000
Barbados (BAR);0;0;1;2000
Chile (CHI);0;0;1;2000
Izland (ISL);0;0;1;2000
India (IND);0;0;1;2000
Izrael (ISR);0;0;1;2000
Kuvait (KUW);0;0;1;2000
Kirgizisztán (KGZ);0;0;1;2000
Macedónia (MKD);0;0;1;2000
Katar (QAT);0;0;1;2000
;;;;2000
300;300;327;927;2000
Egyesült Államok (USA);36;39;26;2004
Kína (CHN);32;17;14;2004
Oroszország (RUS);28;26;37;2004
Ausztrália (AUS);17;16;17;2004
Japán (JPN);16;9;12;2004
Németország (GER);13;16;20;2004
Franciaország (FRA);11;9;13;2004
Olaszország (ITA);10;11;11;2004
Dél-Korea (KOR);9;12;9;2004
Nagy-Britannia (GBR);9;9;12;2004
Kuba (CUB);9;7;11;2004
Magyarország (HUN);8;6;3;2004
Ukrajna (UKR);8;5;9;2004
Románia (ROU);8;5;6;2004
Görögország (GRE);6;6;4;2004
Brazília (BRA);5;2;3;2004
Norvégia (NOR);5;0;1;2004
Hollandia (NED);4;9;9;2004
Svédország (SWE);4;2;1;2004
Spanyolország (ESP);3;11;6;2004
Kanada (CAN);3;6;3;2004
Törökország (TUR);3;3;5;2004
Lengyelország (POL);3;2;5;2004
Új-Zéland (NZL);3;2;0;2004
Thaiföld (THA);3;1;4;2004
Fehéroroszország (BLR);2;5;6;2004
Ausztria (AUT);2;4;1;2004
Etiópia (ETH);2;3;2;2004
Irán (IRI);2;2;2;2004
Szlovákia (SVK);2;2;2;2004
Tajvan (TPE);2;2;1;2004
Grúzia (GEO);2;2;0;2004
Bulgária (BUL);2;1;9;2004
Dánia (DEN);2;1;5;2004
Jamaica (JAM);2;1;2;2004
Üzbegisztán (UZB);2;1;2;2004
Marokkó (MAR);2;1;0;2004
Argentína (ARG);2;0;4;2004
Chile (CHI);2;0;1;2004
Kazahsztán (KAZ);1;4;3;2004
Kenya (KEN);1;4;2;2004
Csehország (CZE);1;3;5;2004
Dél-afrikai Köztársaság (RSA);1;3;2;2004
Horvátország (CRO);1;2;2;2004
Litvánia (LTU);1;2;0;2004
Egyiptom (EGY);1;1;3;2004
Svájc (SUI);1;1;3;2004
Indonézia (INA);1;1;2;2004
Zimbabwe (ZIM);1;1;1;2004
Azerbajdzsán (AZE);1;0;4;2004
Belgium (BEL);1;0;2;2004
Bahama-szigetek (BAH);1;0;1;2004
Izrael (ISR);1;0;1;2004
Dominikai Köztársaság (DOM);1;0;0;2004
Egyesült Arab Emírségek (UAE);1;0;0;2004
Kamerun (CMR);1;0;0;2004
;;;;2004
Észak-Korea (PRK);0;4;1;2004
Lettország (LAT);0;4;0;2004
Mexikó (MEX);0;3;1;2004
Portugália (POR);0;2;1;2004
Finnország (FIN);0;2;0;2004
Szerbia és Montenegró (SCG);0;2;0;2004
Szlovénia (SLO);0;1;3;2004
Észtország (EST);0;1;2;2004
Hongkong (HKG);0;1;0;2004
India (IND);0;1;0;2004
Paraguay (PAR);0;1;0;2004
;;;;2004
Kolumbia (COL);0;0;2;2004
Nigéria (NGR);0;0;2;2004
Venezuela (VEN);0;0;2;2004
Eritrea (ERI);0;0;1;2004
Mongólia (MGL);0;0;1;2004
Szíria (SYR);0;0;1;2004
Trinidad és Tobago (TRI);0;0;1;2004
;;;;2004
301;300;327;928;2004
Kína (CHN);51;21;28;2008
Egyesült Államok (USA);36;38;36;2008
Oroszország (RUS);22;21;27;2008
Nagy-Britannia (GBR);19;13;16;2008
Németország (GER);16;10;15;2008
Ausztrália (AUS);14;15;17;2008
Dél-Korea (KOR);13;10;8;2008
Japán (JPN);9;8;8;2008
Olaszország (ITA);8;9;10;2008
Franciaország (FRA);7;16;18;2008
Hollandia (NED);7;5;4;2008
Ukrajna (UKR);7;4;15;2008
Kenya (KEN);6;4;4;2008
Spanyolország (ESP);5;10;3;2008
Jamaica (JAM);5;3;2;2008
Fehéroroszország (BLR);4;5;9;2008
Románia (ROU);4;1;3;2008
Etiópia (ETH);4;1;2;2008
Kanada (CAN);3;9;7;2008
Lengyelország (POL);3;6;1;2008
Magyarország (HUN);3;5;2;2008
Norvégia (NOR);3;5;1;2008
Brazília (BRA);3;4;10;2008
Csehország (CZE);3;3;0;2008
Új-Zéland (NZL);3;2;4;2008
Szlovákia (SVK);3;2;1;2008
Grúzia (GEO);3;0;3;2008
Kuba (CUB);2;10;11;2008
Kazahsztán (KAZ);2;4;7;2008
Dánia (DEN);2;2;3;2008
Mongólia (MGL);2;2;0;2008
Thaiföld (THA);2;2;0;2008
Svájc (SUI);2;1;4;2008
Észak-Korea (PRK);2;1;3;2008
Argentína (ARG);2;0;4;2008
Mexikó (MEX);2;0;1;2008
Belgium (BEL);2;0;0;2008
Törökország (TUR);1;4;3;2008
Zimbabwe (ZIM);1;3;0;2008
Azerbajdzsán (AZE);1;2;4;2008
Szlovénia (SLO);1;2;2;2008
Bulgária (BUL);1;1;3;2008
Indonézia (INA);1;1;3;2008
Finnország (FIN);1;1;2;2008
Lettország (LAT);1;1;1;2008
Dominikai Köztársaság (DOM);1;1;0;2008
Észtország (EST);1;1;0;2008
Portugália (POR);1;1;0;2008
Trinidad és Tobago (TRI);1;1;0;2008
India (IND);1;0;2;2008
Irán (IRI);1;0;1;2008
Kamerun (CMR);1;0;0;2008
Panama (PAN);1;0;0;2008
Tunézia (TUN);1;0;0;2008
;;;;2008
Svédország (SWE);0;4;1;2008
Horvátország (CRO);0;2;3;2008
Litvánia (LTU);0;2;3;2008
Üzbegisztán (UZB);0;2;3;2008
Görögország (GRE);0;2;2;2008
Nigéria (NGR);0;2;2;2008
Ausztria (AUT);0;1;2;2008
Írország (IRL);0;1;2;2008
Kirgizisztán (KGZ);0;1;2;2008
Szerbia (SRB);0;1;2;2008
Algéria (ALG);0;1;1;2008
Bahama-szigetek (BAH);0;1;1;2008
Kolumbia (COL);0;1;1;2008
Marokkó (MAR);0;1;1;2008
Tádzsikisztán (TJK);0;1;1;2008
Chile (CHI);0;1;0;2008
Dél-afrikai Köztársaság (RSA);0;1;0;2008
Ecuador (ECU);0;1;0;2008
Izland (ISL);0;1;0;2008
Malajzia (MAS);0;1;0;2008
Szingapúr (SIN);0;1;0;2008
Szudán (SUD);0;1;0;2008
Vietnám (VIE);0;1;0;2008
;;;;2008
Örményország (ARM);0;0;6;2008
Tajvan (TPE);0;0;4;2008
Afganisztán (AFG);0;0;1;2008
Egyiptom (EGY);0;0;1;2008
Izrael (ISR);0;0;1;2008
Moldova (MDA);0;0;1;2008
Mauritius (MRI);0;0;1;2008
Togo (TOG);0;0;1;2008
Venezuela (VEN);0;0;1;2008
;;;;2008
302;303;353;958;2008
Egyesült Államok (USA);47;27;30;2012
Kína (CHN);39;31;22;2012
Nagy-Britannia (GBR);29;18;18;2012
Oroszország (RUS);19;21;27;2012
Dél-Korea (KOR);13;9;8;2012
Németország (GER);11;20;13;2012
Franciaország (FRA);11;11;13;2012
Ausztrália (AUS);8;15;12;2012
Olaszország (ITA);8;9;11;2012
Magyarország (HUN);8;4;6;2012
Japán (JPN);7;14;17;2012
Irán (IRI);7;5;1;2012
Hollandia (NED);6;6;8;2012
Új-Zéland (NZL);6;2;5;2012
Ukrajna (UKR);5;4;10;2012
Kuba (CUB);5;3;7;2012
Spanyolország (ESP);4;10;6;2012
Jamaica (JAM);4;5;3;2012
Csehország (CZE);4;3;4;2012
Dél-afrikai Köztársaság (RSA);4;1;1;2012
Észak-Korea (PRK);4;0;3;2012
Brazília (BRA);3;5;9;2012
Kazahsztán (KAZ);3;2;6;2012
Lengyelország (POL);3;2;6;2012
Etiópia (ETH);3;2;2;2012
Horvátország (CRO);3;1;2;2012
Kanada (CAN);2;6;10;2012
Fehéroroszország (BLR);2;5;3;2012
Kenya (KEN);2;4;7;2012
Dánia (DEN);2;4;3;2012
Románia (ROU);2;4;1;2012
Azerbajdzsán (AZE);2;2;5;2012
Svájc (SUI);2;2;0;2012
Norvégia (NOR);2;1;1;2012
Litvánia (LTU);2;0;3;2012
Tunézia (TUN);2;0;1;2012
Svédország (SWE);1;4;3;2012
Kolumbia (COL);1;3;5;2012
Mexikó (MEX);1;3;4;2012
Grúzia (GEO);1;2;3;2012
Írország (IRL);1;1;4;2012
Argentína (ARG);1;1;2;2012
Szerbia (SRB);1;1;2;2012
Szlovénia (SLO);1;1;2;2012
Trinidad és Tobago (TRI);1;1;2;2012
Törökország (TUR);1;1;1;2012
Dominikai Köztársaság (DOM);1;1;0;2012
Tajvan (TPE);1;0;1;2012
Lettország (LAT);1;0;1;2012
Algéria (ALG);1;0;0;2012
Bahama-szigetek (BAH);1;0;0;2012
Bahrein (BRN);1;0;0;2012
Grenada (GRN);1;0;0;2012
Uganda (UGA);1;0;0;2012
Venezuela (VEN);1;0;0;2012
;;;;2012
Egyiptom (EGY);0;3;1;2012
India (IND);0;2;4;2012
Mongólia (MGL);0;2;3;2012
Thaiföld (THA);0;2;2;2012
Bulgária (BUL);0;2;1;2012
Finnország (FIN);0;2;1;2012
Indonézia (INA);0;2;1;2012
Szlovákia (SVK);0;1;3;2012
Belgium (BEL);0;1;2;2012
Örményország (ARM);0;1;1;2012
Észtország (EST);0;1;1;2012
Malajzia (MAS);0;1;1;2012
Puerto Rico (PUR);0;1;1;2012
Katar (QAT);0;1;1;2012
Botswana (BOT);0;1;0;2012
Ciprus (CYP);0;1;0;2012
Gabon (GAB);0;1;0;2012
Guatemala (GUA);0;1;0;2012
Montenegró (MNE);0;1;0;2012
Portugália (POR);0;1;0;2012
;;;;2012
Üzbegisztán (UZB);0;0;3;2012
Görögország (GRE);0;0;2;2012
Szingapúr (SIN);0;0;2;2012
Afganisztán (AFG);0;0;1;2012
Kamerun (CMR);0;0;1;2012
Hongkong (HKG);0;0;1;2012
Kuvait (KUW);0;0;1;2012
Marokkó (MAR);0;0;1;2012
Szaúd-Arábia (KSA);0;0;1;2012
Tádzsikisztán (TJK);0;0;1;2012
Vietnám (VIE);0;0;1;2012
;;;;2012
303;305;353;961;2012
Egyesült Államok (USA);46;37;38;2016
Nagy-Britannia (GBR);27;23;17;2016
Kína (CHN);26;18;26;2016
Oroszország (RUS);19;17;20;2016
Németország (GER);17;10;15;2016
Japán (JPN);12;8;21;2016
Franciaország (FRA);10;18;14;2016
Dél-Korea (KOR);9;3;9;2016
Olaszország (ITA);8;12;8;2016
Ausztrália (AUS);8;11;10;2016
Hollandia (NED);8;7;4;2016
Magyarország (HUN);8;3;4;2016
Brazília (BRA);7;6;6;2016
Spanyolország (ESP);7;4;6;2016
Kenya (KEN);6;6;1;2016
Jamaica (JAM);6;3;2;2016
Horvátország (CRO);5;3;2;2016
Kuba (CUB);5;2;4;2016
Új-Zéland (NZL);4;9;5;2016
Kanada (CAN);4;3;15;2016
Üzbegisztán (UZB);4;2;7;2016
Kazahsztán (KAZ);3;5;10;2016
Kolumbia (COL);3;2;3;2016
Svájc (SUI);3;2;2;2016
Irán (IRI);3;1;4;2016
Görögország (GRE);3;1;2;2016
Argentína (ARG);3;1;0;2016
Dánia (DEN);2;6;7;2016
Svédország (SWE);2;6;3;2016
Dél-afrikai Köztársaság (RSA);2;6;2;2016
Ukrajna (UKR);2;5;4;2016
Szerbia (SRB);2;4;2;2016
Lengyelország (POL);2;3;6;2016
Észak-Korea (PRK);2;3;2;2016
Belgium (BEL);2;2;2;2016
2;2;2;6;2016
Szlovákia (SVK);2;2;0;2016
Grúzia (GEO);2;1;4;2016
Azerbajdzsán (AZE);1;7;10;2016
Fehéroroszország (BLR);1;4;4;2016
Törökország (TUR);1;3;4;2016
Örményország (ARM);1;3;0;2016
Csehország (CZE);1;2;7;2016
Etiópia (ETH);1;2;5;2016
Szlovénia (SLO);1;2;1;2016
Indonézia (INA);1;2;0;2016
Románia (ROU);1;1;2;2016
Bahrein (BRN);1;1;0;2016
1;1;0;2;2016
Tajvan (TPE);1;0;2;2016
Bahama-szigetek (BAH);1;0;1;2016
1;0;1;2;2016
1;0;1;2;2016
Fidzsi-szigetek (FIJ);1;0;0;2016
1;0;0;1;2016
1;0;0;1;2016
1;0;0;1;2016
1;0;0;1;2016
1;0;0;1;2016
Malajzia (MAS);0;4;1;2016
Mexikó (MEX);0;3;2;2016
Venezuela (VEN);0;2;1;2016
Algéria (ALG);0;2;0;2016
0;2;0;2;2016
Litvánia (LTU);0;1;3;2016
Bulgária (BUL);0;1;2;2016
India (IND);0;1;1;2016
0;1;1;2;2016
Burundi (BDI);0;1;0;2016
0;1;0;1;2016
0;1;0;1;2016
0;1;0;1;2016
0;1;0;1;2016
Norvégia (NOR);0;0;4;2016
Egyiptom (EGY);0;0;3;2016
0;0;3;3;2016
Izrael (ISR);0;0;2;2016
Ausztria (AUT);0;0;1;2016
0;0;1;1;2016
0;0;1;1;2016
0;0;1;1;2016
0;0;1;1;2016
0;0;1;1;2016
0;0;1;1;2016
0;0;1;1;2016
0;0;1;1;2016
;;;;2016
307;307;359;973;2016
Egyesült Államok (USA);39;41;33;2020
Kína (CHN);38;32;19;2020
Japán (JPN);27;14;17;2020
Nagy-Britannia (GBR);22;20;22;2020
Az Orosz Olimpiai Bizottság versenyzői (ROC);20;28;23;2020
Ausztrália (AUS);17;7;22;2020
Hollandia (NED);10;12;14;2020
Franciaország (FRA);10;12;11;2020
Németország (GER);10;11;16;2020
Olaszország (ITA);10;10;20;2020
Kanada (CAN);7;7;10;2020
Brazília (BRA);7;6;8;2020
Új-Zéland (NZL);7;6;7;2020
Kuba (CUB);7;3;5;2020
Magyarország (HUN);6;7;7;2020
Dél-Korea (KOR);6;4;10;2020
Lengyelország (POL);4;5;5;2020
Csehország (CZE);4;4;3;2020
Kenya (KEN);4;4;2;2020
Norvégia (NOR);4;2;2;2020
Jamaica (JAM);4;1;4;2020
Spanyolország (ESP);3;8;6;2020
Svédország (SWE);3;6;0;2020
Svájc (SUI);3;4;6;2020
Dánia (DEN);3;4;4;2020
Horvátország (CRO);3;3;2;2020
Irán (IRI);3;2;2;2020
Szerbia (SRB);3;1;5;2020
Belgium (BEL);3;1;3;2020
Bulgária (BUL);3;1;2;2020
Szlovénia (SLO);3;1;1;2020
Üzbegisztán (UZB);3;0;2;2020
Grúzia (GEO);2;5;1;2020
Tajvan (TPE);2;4;6;2020
Törökország (TUR);2;2;9;2020
Görögország (GRE);2;1;1;2020
2;1;1;4;2020
Ecuador (ECU);2;1;0;2020
Írország (IRL);2;0;2;2020
2;0;2;4;2020
Katar (QAT);2;0;1;2020
Bahama-szigetek (BAH);2;0;0;2020
2;0;0;2;2020
Ukrajna (UKR);1;6;12;2020
Fehéroroszország (BLR);1;3;3;2020
Románia (ROU);1;3;0;2020
1;3;0;4;2020
India (IND);1;2;4;2020
Hongkong (HKG);1;2;3;2020
Fülöp-szigetek (PHI);1;2;1;2020
1;2;1;4;2020
Dél-afrikai Köztársaság (RSA);1;2;0;2020
Ausztria (AUT);1;1;5;2020
Egyiptom (EGY);1;1;4;2020
Indonézia (INA);1;1;3;2020
Etiópia (ETH);1;1;2;2020
1;1;2;4;2020
Tunézia (TUN);1;1;0;2020
Észtország (EST);1;0;1;2020
1;0;1;2;2020
1;0;1;2;2020
1;0;1;2;2020
Bermuda (BER);1;0;0;2020
1;0;0;1;2020
1;0;0;1;2020
Kolumbia (COL);0;4;1;2020
Azerbajdzsán (AZE);0;3;4;2020
Dominikai Köztársaság (DOM);0;3;2;2020
Örményország (ARM);0;2;2;2020
Kirgizisztán (KGZ);0;2;1;2020
Mongólia (MGL);0;1;3;2020
Argentína (ARG);0;1;2;2020
0;1;2;3;2020
Jordánia (JOR);0;1;1;2020
0;1;1;2;2020
0;1;1;2;2020
Bahrein (BRN);0;1;0;2020
0;1;0;1;2020
0;1;0;1;2020
0;1;0;1;2020
0;1;0;1;2020
0;1;0;1;2020
Kazahsztán (KAZ);0;0;8;2020
Mexikó (MEX);0;0;4;2020
Finnország (FIN);0;0;2;2020
Botswana (BOT);0;0;1;2020
0;0;1;1;2020
0;0;1;1;2020
0;0;1;1;2020
0;0;1;1;2020
0;0;1;1;2020
0;0;1;1;2020
0;0;1;1;2020
Egyesült Államok (USA);40;44;42;2024
Kína (CHN);40;27;24;2024
Japán (JPN);20;12;13;2024
Ausztrália (AUS);18;19;16;2024
Franciaország (FRA);16;26;22;2024
Hollandia (NED);15;7;12;2024
Nagy-Britannia (GBR);14;22;29;2024
Dél-Korea (KOR);13;9;10;2024
Olaszország (ITA);12;13;15;2024
Németország (GER);12;13;8;2024
Új-Zéland (NZL);10;7;3;2024
Kanada (CAN);9;7;11;2024
Üzbegisztán (UZB);8;2;3;2024
Magyarország (HUN);6;7;6;2024
Spanyolország (ESP);5;4;9;2024
Svédország (SWE);4;4;3;2024
Kenya (KEN);4;2;5;2024
Norvégia (NOR);4;1;3;2024
Írország (IRL);4;0;3;2024
Brazília (BRA);3;7;10;2024
Irán (IRI);3;6;3;2024
Ukrajna (UKR);3;5;4;2024
Románia (ROU);3;4;2;2024
Grúzia (GEO);3;3;1;2024
Belgium (BEL);3;1;6;2024
Bulgária (BUL);3;1;3;2024
Szerbia (SRB);3;1;1;2024
Csehország (CZE);3;0;2;2024
Dánia (DEN);2;2;5;2024
Azerbajdzsán (AZE);2;2;3;2024
2;2;3;7;2024
Kuba (CUB);2;1;6;2024
Bahrein (BRN);2;1;1;2024
Szlovénia (SLO);2;1;0;2024
Tajvan (TPE);2;0;5;2024
Ausztria (AUT);2;0;3;2024
Hongkong (HKG);2;0;2;2024
2;0;2;4;2024
Algéria (ALG);2;0;1;2024
2;0;1;3;2024
Izrael (ISR);1;5;1;2024
Lengyelország (POL);1;4;5;2024
Kazahsztán (KAZ);1;3;3;2024
Dél-afrikai Köztársaság (RSA);1;3;2;2024
1;3;2;6;2024
1;3;2;6;2024
Független résztvevők (AIN)[1];1;3;1;2024
Etiópia (ETH);1;3;0;2024
Svájc (SUI);1;2;5;2024
Ecuador (ECU);1;2;2;2024
Portugália (POR);1;2;1;2024
Görögország (GRE);1;1;6;2024
Argentína (ARG);1;1;1;2024
1;1;1;3;2024
1;1;1;3;2024
Botswana (BOT);1;1;0;2024
1;1;0;2;2024
1;1;0;2;2024
1;1;0;2;2024
Dominikai Köztársaság (DOM);1;0;2;2024
Guatemala (GUA);1;0;1;2024
1;0;1;2;2024
Dominikai Közösség (DMA);1;0;0;2024
1;0;0;1;2024
Törökország (TUR);0;3;5;2024
Mexikó (MEX);0;3;2;2024
Kolumbia (COL);0;3;1;2024
0;3;1;4;2024
Észak-Korea (PRK);0;2;4;2024
0;2;4;6;2024
Litvánia (LTU);0;2;2;2024
India (IND);0;1;5;2024
Moldova (MDA);0;1;3;2024
Koszovó (KOS);0;1;1;2024
Ciprus (CYP);0;1;0;2024
0;1;0;1;2024
0;1;0;1;2024
0;1;0;1;2024
0;1;0;1;2024
Tádzsikisztán (TJK);0;0;3;2024
Albánia (ALB);0;0;2;2024
0;0;2;2;2024
0;0;2;2;2024
0;0;2;2;2024
Elefántcsontpart (CIV);0;0;1;2024
0;0;1;1;2024
0;0;1;1;2024
0;0;1;1;2024
0;0;1;1;2024
0;0;1;1;2024
0;0;1;1;2024
0;0;1;1;2024