OrszagID;OrszagNev;
ARM;Örményország;
AUS;Ausztrália;
AUT;Ausztria;
BEL;Belgium;
BRA;Brazília;
CAN;Kanada;
CHN;Kína;
CZE;Csehország;
EST;Észtország;
FIN;Finnország;
FRA;Franciaország;
GBR;Egyesült Királyság;
GER;Németország;
HUN;Magyaqrország;
ITA;Olaszország;
JPN;Japán;
KAZ;Kazahsztán;
KOR;Dél-Korea;
LAT;Lettország;
NOR;Norvégia;
RUS;Oroszország;
SGP;Szingapúr;
SLO;Szlovénia;
SUI;Svájc;
SVK;Szlovákia;
SWE;Svédország;
TPE;Tajvan;
UKR;Ukrajna;
USA;Amerikai Egyesült Államok;